borough,access-subway-pct,access-ADA-pct
BK,0.48719193260062227,0.07459442429576371
BX,0.45739800387599533,0.08306363884524132
MN,0.8269347339915987,0.25435782537534285
QN,0.26712661625679024,0.05537561926284182
SI,0.14090655112385955,0.015473618599809984
