boro,ela_proficiency_3rdto8thgrade_all_pct,ela_proficiency_3rdto8thgrade_anh_pct,ela_proficiency_3rdto8thgrade_bnh_pct,ela_proficiency_3rdto8thgrade_hsp_pct,ela_proficiency_3rdto8thgrade_onh_pct,ela_proficiency_3rdto8thgrade_wnh_pct,math_proficiency_3rdto8thgrade_all_pct,math_proficiency_3rdto8thgrade_anh_pct,math_proficiency_3rdto8thgrade_bnh_pct,math_proficiency_3rdto8thgrade_hsp_pct,math_proficiency_3rdto8thgrade_onh_pct,math_proficiency_3rdto8thgrade_wnh_pct,graduation_rate_2017_all_pct,graduation_rate_2017_anh_pct,graduation_rate_2017_bnh_pct,graduation_rate_2017_hsp_pct,graduation_rate_2017_onh_pct,graduation_rate_2017_wnh_pct
BK,0.4901894773820066,0.637294904071534,0.41855462860589004,0.38788506342221074,0.5704697986577181,0.6615425390935595,0.47373032373032375,0.722828666350261,0.368691277957928,0.3470488599348534,0.5411764705882353,0.6489333333333334,0.7442518248175183,0.8601590348231423,0.71533527696793,0.6668398268398268,0.6425855513307985,0.7964071856287425
BX,0.3641237500586827,0.5835209365150833,0.375886524822695,0.33490630870023363,0.4134815844336345,0.47630220553730646,0.31443771438290796,0.5816186556927297,0.31342938338510345,0.28586919998778143,0.3765867418899859,0.44961601117058414,0.6676766452551206,0.8218487394957983,0.68,0.6498283472290338,0.2808988764044944,0.4573170731707317
MN,0.5516449434673367,0.7573236262783845,0.41157894736842104,0.41027261238490703,0.7530589543937709,0.8345557515551016,0.5248699609882965,0.8176089305005402,0.36416184971098264,0.37234091221007365,0.6961583236321304,0.818426027260969,0.7106168917129997,0.8706030150753769,0.5965138799225307,0.6476113794954375,0.6542056074766355,0.8846815834767642
QN,0.5240649979127692,0.6880942430258071,0.3883960897900072,0.4167530962113355,0.5419590232949761,0.6374012833168805,0.49558700541576334,0.7248106113161473,0.295808731003775,0.36744545682521107,0.48995127892813645,0.6166416105627819,0.8021191813077341,0.8858679414400956,0.7119909502262444,0.7523634453781513,0.7037974683544304,0.8727344365642238
SI,0.5301026308181556,0.7202746657029273,0.3079787234042553,0.3976348854397635,0.55765595463138,0.6377403846153846,0.4688859396888594,0.7502734232592052,0.22095238095238096,0.3166355140186916,0.441233140655106,0.5736868104725835,0.8059917355371901,0.9660493827160493,0.6465116279069767,0.7056451612903226,0.6666666666666666,0.8683425649765658
