,total_injuries,ped_injuries,cycle_injuries,motorist_injuries,total_fatalities
BK,1034.8083252982096,243.93692850281622,100.7693064591449,690.1020903362485,4.7101395501334515
BX,836.671477229683,220.3468528669519,38.81497129597987,577.5096530667513,4.162874049370087
MN,1236.4160256948123,444.5500042649072,178.95255877262306,612.9134626572818,6.935252395459275
QN,536.816777504894,120.32275675260215,41.03904562997127,375.4549751223207,2.8779862546229245
SI,263.021874556829,39.36279863331536,5.601857334380131,218.05721858913347,1.4493611758049447
