,total_injuries,ped_injuries,cycle_injuries,motorist_injuries,total_fatalities
BK,1052.7301785567565,214.0143955564553,120.01042294477035,718.705360055531,3.572524138552059
BX,880.7452960211324,189.776985684663,58.81004592910061,632.1582644073687,3.745119647611566
MN,1079.3513524289594,315.4315684742258,197.96870873258536,565.9510752221483,5.778710818508934
QN,537.8045276745049,105.80292078766294,44.81205301288718,387.1895538739549,2.4402474634548237
SI,241.16349484130637,36.585583728440874,7.347019185924961,197.23089192694053,0.9742379651194242
