,total_injuries,ped_injuries,cycle_injuries,motorist_injuries,total_fatalities
citywide,862.9791362108201,232.0115091471154,82.89031649985358,548.0773105638509,4.3506391323373785
