,total_injuries,ped_injuries,cycle_injuries,motorist_injuries,total_fatalities
citywide,847.708583958393,190.02747030526479,97.60894045681373,560.0721731963143,3.5549055276133004
