citywide,access-subway-pct,access-ADA-pct
citywide,0.46796249782205773,0.10202424257017859
